<?xml version="1.0" encoding="UTF-8"?>
<!DOCTYPE suite SYSTEM "https://testng.org/testng-1.0.dtd">
<suite name="Suite">
  <test thread-count="5" name="contactEdit">
    <classes>
      <class name="contactEdit.AddContactTebleTest"/>
      <class name="contactEdit.SearchForContact"/>
      <class name="contactEdit.SearchWithEditContact"/>
      <class name="contactEdit.contactTebleHandlingTest"/>
      <class name="contactEdit.ImportFileContactTest"/>
    </classes>
  </test> <!-- contactEdit -->
</suite> <!-- Suite -->
